I Got a Boy,Girls' Generation,I Got a Boy,Girls' Generation,2013,1.29,i_got_a_boy.jpg,3,FALSE
Run Devil Run,Girls' Generation,Run Devil Run,Girls' Generation,2010,0.99,run_devil_run.jpg,3,FALSE
DANCING QUEEN,Girls' Generation,I Got a Boy,Girls' Generation,2013,1.29,i_got_a_boy.jpg,3,FALSE
Paparazzi,Girls' Generation,Girls & Peace,Girls' Generation,2012,1.29,girls_and_peace.jpg,3,FALSE
Baby Baby,Girls' Generation,Girls' Generation,Girls' Generation,2007,0.99,girls_generation.jpg,3,FALSE
Like a Cat,AOA,Like a Cat,AOA,2014,0.99,LikeACat_AOA.jpg,3,FALSE
Married to the Music,SHINee,Odd,SHINee,2015,0.99,Shinee_MTTM_cover.jpg,3,FALSE
Gangnum Style,PSY,Psy 6,PSY,2012,0.99,psy_6.jpg,3,FALSE
Heaven's Day,TVXQ,Tense,TVXQ,2014,0.99,TVXQ_Tense.jpg,3,FALSE
Miniskirt,AOA,Ace of Angels,AOA,2015,0.99,AceofAngels.jpg,3,FALSE
Peek-A-Boo,Red Velvet,Perfect Velvet - The 2nd Album,Red Velvet,2017,1.29,perfect_velvet_2.jpg,3,FALSE
SOGYEOKDONG,IU,SOGYEOKDONG,IU,2014,0.99,sogyeokdong.jpg,3,FALSE
Interlude: Wings,BTS,Wings,BTS,2016,1.29,Wings.jpg,3,FALSE
Growl,EXO,The 1st Album 'XOXO',EXO,2013,1.29,growl.jpg,3,FALSE
CALL ME BABY,EXO,The 2nd Album 'EXODUS',EXO,2015,1.29,call_me_baby.jpg,3,FALSE
Let's Not Fall in Love,BIGBANG,E - Single,BIGBANG,2015,1.29,e_single.jpg,3,FALSE
TT,TWICE,TWICEcoaster: LANE1,TWICE,2016,1.29,twicecoaster_lane1.jpg,3,FALSE
Bboom Bboom,MOMOLAND,Great! - EP,MOMOLAND,2018,1.29,great_ep.jpg,3,FALSE
Energetic,Wanna One,1-1=0 (NOTHING WITHOUT YOU),Wanna One,2017,1.29,nothing_without_you.jpg,3,FALSE
INTRO : Ringwanderung,BTS,FACE YOURSELF,BTS,2018,1.29,face_yourself.jpg,3,FALSE
Best Of Me (Japanese Version,BTS,FACE YOURSELF,BTS,2018,1.29,face_yourself.jpg,3,FALSE
Blood Sweat & Tears (Japanese Version),BTS,FACE YOURSELF,BTS,2018,1.29,face_yourself.jpg,3,FALSE
MIC Drop (Japanese Version),BTS,FACE YOURSELF,BTS,2018,1.29,face_yourself.jpg,3,FALSE
Not Today (Japanese Version),BTS,FACE YOURSELF,BTS,2018,1.29,face_yourself.jpg,3,FALSE