Name,Artist,Album,Album Artist,Release Year,Price,File Name
I Got a Boy,Girls' Generation,I Got a Boy,Girls' Generation,2013,$1.29,I got a boy.jpg
Run Devil Run,Girls' Generation,Run Devil Run,Girls' Generation,2010,$0.99,Run devil run.jpg
DANCING QUEEN,Girls' Generation,I Got a Boy,Girls' Generation,2013,$1.29,I got a boy.jpg
Paparazzi,Girls' Generation,Girls & Peace,Girls' Generation,2012,$1.29,Girls & Peace.jpg
Baby Baby,Girls' Generation,Girls' Generation,Girls' Generation,2007,$0.99,Girls Generation.jpg
Like a Cat,AOA,Like a Cat,AOA,2014,$0.99,LikeACat_AOA.jpg
Married to the Music,SHINee,Odd,SHINee,2015,$0.99,Shinee_MTTM_cover.jpg
Gangnum Style,PSY,Psy 6,PSY,2012,$0.99,220px-PSYBest6P1Cover.jpg
Heaven's Day,TVXQ,Tense,TVXQ,2014,$0.99,TVXQ_Tense.jpg
Miniskirt,AOA,Ace of Angels,AOA,2015,$0.99,AceofAngels.jpg
Peek-A-Boo,Red Velvet,Perfect Velvet - The 2nd Album,Red Velvet,2017,$1.29,Perfect Velvet - The 2nd Album.jpeg
SOGYEOKDONG,IU,SOGYEOKDONG,IU,2014,$0.99,sogyeokdong.jpg
Interlude: Wings,BTS,Wings,BTS,2016,$1.29,Wings.jpg
Growl,EXO,The 1st Album 'XOXO',EXO,2013,$1.29,growl.jpg
CALL ME BABY,EXO,The 2nd Album 'EXODUS',EXO,2015,$1.29,call_me_baby.jpg
Let's Not Fall in Love,BIGBANG,E - Single,BIGBANG,2015,$1.29,E - Single.jpg
TT,TWICE,TWICEcoaster: LANE1,TWICE,2016,$1.29,TWICEcoaster LANE1.jpg
Bboom Bboom,MOMOLAND,Great! - EP,MOMOLAND,2018,$1.29,Great! - EP.jpg
Energetic,Wanna One,1-1=0 (NOTHING WITHOUT YOU),Wanna One,2017,$1.29,1-1=0 (NOTHING WITHOUT YOU).jpg
INTRO : Ringwanderung,BTS,FACE YOURSELF,BTS,2018,$1.29,FACE YOURSELF.jpg
Best Of Me (Japanese Version,BTS,FACE YOURSELF,BTS,2018,$1.29,FACE YOURSELF.jpg
Blood Sweat & Tears (Japanese Version),BTS,FACE YOURSELF,BTS,2018,$1.29,FACE YOURSELF.jpg
MIC Drop (Japanese Version),BTS,FACE YOURSELF,BTS,2018,$1.29,FACE YOURSELF.jpg
Not Today (Japanese Version),BTS,FACE YOURSELF,BTS,2018,$1.29,FACE YOURSELF.jpg